,total_trades,winning_trades,losing_trades,win_rate,total_pnl,total_return_pct,avg_win,avg_loss,largest_win,largest_loss,profit_factor,sharpe_ratio,max_drawdown_pct,avg_r_multiple,avg_or_range,avg_holding_time_hours,initial_capital,final_capital
SPY,16.0,4.0,12.0,0.25,-229.82434763717788,-0.04063594500330509,13.974151818423906,23.810079575906126,20.344447380568795,47.3671279602047,0.19563355894261153,0.10089154213656518,14.941049658161287,-0.5416640036838787,0.0,1.203125,100000.0,99959.3640549967
QQQ,46.0,16.0,30.0,0.34782608695652173,-687.9926368597028,-0.06969760386137933,15.46827993421094,31.18283719356926,42.225110534670534,50.76898529052687,0.26456057372313624,0.1719600022671154,15.131531589252578,-0.5000621894853844,0.0,1.391304347826087,100000.0,99930.30239613862
TSLA,50.0,19.0,31.0,0.38,132.45514555522232,0.39944859736540816,142.642805097952,83.15348875180213,351.4410412902869,191.59347840881304,1.0513838528599442,0.18119669518188464,15.555097145625126,-0.0023784011498042146,0.0,2.0583333333333336,100000.0,100399.44859736541
